{
  "scenarios": {
    "light": {
      "baseline": {
        "mean_reward": -12.69712826856138,
        "std_reward": 1.7763568394002505e-15,
        "mean_density": 0.05902109056155691,
        "std_density": 0.0,
        "all_rewards": [
          -12.697128268561379,
          -12.697128268561379,
          -12.697128268561379,
          -12.697128268561379,
          -12.697128268561379,
          -12.697128268561379,
          -12.697128268561379,
          -12.697128268561379,
          -12.697128268561379,
          -12.697128268561379
        ]
      },
      "dqn": {
        "mean_reward": -2.3167802255179524,
        "std_reward": 0.0,
        "mean_density": 0.011014207117173092,
        "std_density": 1.734723475976807e-18,
        "all_rewards": [
          -2.3167802255179524,
          -2.3167802255179524,
          -2.3167802255179524,
          -2.3167802255179524,
          -2.3167802255179524,
          -2.3167802255179524,
          -2.3167802255179524,
          -2.3167802255179524,
          -2.3167802255179524,
          -2.3167802255179524
        ]
      },
      "improvement_pct": 81.75351011256303
    },
    "moderate": {
      "baseline": {
        "mean_reward": -18.44522565704832,
        "std_reward": 0.0,
        "mean_density": 0.08225962437899162,
        "std_density": 0.0,
        "all_rewards": [
          -18.44522565704832,
          -18.44522565704832,
          -18.44522565704832,
          -18.44522565704832,
          -18.44522565704832,
          -18.44522565704832,
          -18.44522565704832,
          -18.44522565704832,
          -18.44522565704832,
          -18.44522565704832
        ]
      },
      "dqn": {
        "mean_reward": -9.47759727815136,
        "std_reward": 1.7763568394002505e-15,
        "mean_density": 0.03537008274492346,
        "std_density": 6.938893903907228e-18,
        "all_rewards": [
          -9.477597278151359,
          -9.477597278151359,
          -9.477597278151359,
          -9.477597278151359,
          -9.477597278151359,
          -9.477597278151359,
          -9.477597278151359,
          -9.477597278151359,
          -9.477597278151359,
          -9.477597278151359
        ]
      },
      "improvement_pct": 48.617612739642645
    },
    "heavy": {
      "baseline": {
        "mean_reward": -22.371294168220345,
        "std_reward": 0.0,
        "mean_density": 0.09835627552860172,
        "std_density": 0.0,
        "all_rewards": [
          -22.371294168220345,
          -22.371294168220345,
          -22.371294168220345,
          -22.371294168220345,
          -22.371294168220345,
          -22.371294168220345,
          -22.371294168220345,
          -22.371294168220345,
          -22.371294168220345,
          -22.371294168220345
        ]
      },
      "dqn": {
        "mean_reward": -15.186147501846358,
        "std_reward": 0.0,
        "mean_density": 0.04253239766548178,
        "std_density": 0.0,
        "all_rewards": [
          -15.186147501846358,
          -15.186147501846358,
          -15.186147501846358,
          -15.186147501846358,
          -15.186147501846358,
          -15.186147501846358,
          -15.186147501846358,
          -15.186147501846358,
          -15.186147501846358,
          -15.186147501846358
        ]
      },
      "improvement_pct": 32.11770679132584
    },
    "saturated": {
      "baseline": {
        "mean_reward": -26.97199922238308,
        "std_reward": 0.0,
        "mean_density": 0.11791722267441536,
        "std_density": 0.0,
        "all_rewards": [
          -26.97199922238308,
          -26.97199922238308,
          -26.97199922238308,
          -26.97199922238308,
          -26.97199922238308,
          -26.97199922238308,
          -26.97199922238308,
          -26.97199922238308,
          -26.97199922238308,
          -26.97199922238308
        ]
      },
      "dqn": {
        "mean_reward": -18.638500180150434,
        "std_reward": 0.0,
        "mean_density": 0.05267472746325215,
        "std_density": 0.0,
        "all_rewards": [
          -18.638500180150434,
          -18.638500180150434,
          -18.638500180150434,
          -18.638500180150434,
          -18.638500180150434,
          -18.638500180150434,
          -18.638500180150434,
          -18.638500180150434,
          -18.638500180150434,
          -18.638500180150434
        ]
      },
      "improvement_pct": 30.896853338617102
    }
  },
  "overall": {
    "baseline_mean": -20.12141182905328,
    "dqn_mean": -11.404756296416526,
    "improvement_pct": 43.320297833429294
  },
  "training": {
    "total_timesteps": 10000,
    "training_time_s": 795.6120746135712,
    "n_episodes": 333,