{
  "total_timesteps": 10000,
  "training_time_s": 337.47372603416443,
  "n_episodes": 333,
  "episode_rewards": [
    -22.684647948566564,
    -21.944473042502384,
    -19.50332428363467,
    -23.55591063352485,
    -23.033460135695087,
    -20.77028453813288,
    -21.798036786755798,
    -19.261954033570774,
    -18.7758829501346,
    -21.15029801678488,
    -20.855860795316836,
    -21.347895027649404,
    -19.624762001883354,
    -20.316644543727147,
    -21.461177758009118,
    -21.32004249913437,
    -21.470296985533246,
    -25.710432776041056,
    -20.035598398105552,
    -22.355485991508697,
    -19.185742879572878,
    -30.075564777763898,
    -23.848666531981436,
    -18.952111291467148,
    -18.460176171007134,
    -19.391877419212257,
    -19.971641808899843,
    -18.81410251786206,
    -22.089650720764315,
    -21.128924128557525,
    -25.591578368873527,
    -21.962046749658462,
    -25.689936107365995,
    -21.30561261879304,
    -20.401307414177147,
    -15.835501020696368,
    -19.956466646929336,
    -21.840432260902286,
    -18.22237324870864,
    -15.681077349623754,
    -21.096577422940932,
    -21.369758084371735,
    -15.567714692280546,
    -17.406300844815743,
    -17.078973004159195,
    -16.601153858091855,
    -18.2037077742801,
    -20.97195016411165,
    -18.719541262486082,
    -22.686571271208987,
    -23.139474343658794,
    -16.19038614861112,
    -17.472065299509303,
    -18.573383066308413,
    -18.573383066308413,
    -16.197192940679017,
    -17.479853060844576,
    -16.1061462878049,
    -18.856627934492874,
    -19.025133049196874,
    -22.05865032588796,
    -18.91936891070605,
    -18.657645180968046,
    -18.15329402403242,
    -17.524263539689397,
    -18.45881748279919,
    -20.605950939175532,
    -29.747032988086048,
    -22.329382230794103,
    -18.774566084815135,
    -30.773245463247694,
    -20.11794275051585,
    -19.857101781268668,
    -20.455423780253117,
    -21.614340577213607,
    -23.91026347811089,
    -21.150089856701765,
    -16.869817220046382,
    -16.470359715532744,
    -20.21370940455824,
    -29.636663427698615,
    -19.941187897490927,
    -15.990589617598639,
    -21.06908351803846,
    -19.625863459695072,
    -18.07388938687687,
    -16.803771902121998,
    -18.579265396822443,
    -18.85794610037099,
    -17.323300409428416,
    -17.408600886542317,
    -18.555750119647286,
    -18.87315466844549,
    -17.29784327946614,
    -17.95129394466629,
    -18.943880298737035,
    -17.40947171506449,
    -15.740062050335906,
    -15.562639940376805,
    -16.129928063333267,
    -26.28513037549599,
    -19.130488219000224,
    -16.901871757400585,
    -16.54987455104835,
    -18.375050713055195,
    -16.296659833295212,
    -17.846227625382188,
    -17.82205999487428,
    -17.570300900034844,
    -18.266728372547902,
    -20.848403401921022,
    -19.366827228050003,
    -15.761410855820863,
    -17.098606038283123,
    -16.66368426464704,
    -16.50242882432452,
    -17.157606072857593,
    -16.58348338907822,
    -16.78665328347126,
    -17.14321065183908,
    -16.85620760422237,
    -16.074250099636924,
    -15.792400565021367,
    -16.496922613444113,
    -16.290282425953784,
    -15.231793116530293,
    -16.99130865532294,
    -17.007062578231803,
    -15.488526618463759,
    -15.569259348358312,
    -17.746027871467994,
    -15.488764217114186,
    -16.890425976211393,
    -16.93943140416591,
    -17.033165414961495,
    -18.770949406258676,
    -16.936063355145325,
    -17.477661486827525,
    -17.503762996473395,
    -18.594633861370685,
    -19.254974344037908,
    -16.66071515804177,
    -18.091899754886054,
    -17.48157959005059,
    -18.982282158222482,
    -15.993631265538864,
    -17.325340117514653,
    -16.780173438986647,
    -19.141832899255768,
    -16.40645339570108,
    -16.405418205819025,
    -17.38438028565919,
    -16.97582741610506,
    -18.50640614112184,
    -18.070091923207194,
    -17.20725254316985,
    -15.581382825341256,
    -15.02762222216049,
    -16.552549790785054,
    -18.41089586365067,
    -18.159583817400954,
    -16.07687155984297,
    -17.174700423470494,
    -17.269756859096518,
    -16.805301712267994,
    -18.337993600613494,
    -17.085099090824357,
    -15.843920102270223,
    -18.58154389651939,
    -16.5474120402033,
    -15.983190370265199,
    -15.455664243635422,
    -19.78919430825236,
    -16.21071281248631,
    -17.32668163315179,
    -17.55575028604107,
    -14.578293995454894,
    -16.12760219424564,
    -16.98449149825532,
    -16.32157478394995,
    -17.202551083639744,
    -16.70997186045417,
    -17.92344249246328,
    -17.35109438964193,
    -16.616545223179973,
    -18.194565823210887,
    -16.34718949325439,
    -17.99897213375806,
    -16.13224134498988,
    -17.399753164101867,
    -15.668087057415523,
    -15.436082365250838,
    -17.824437709723625,
    -18.170676134965138,
    -16.488354448545692,
    -16.25817864451699,
    -17.64141023747089,
    -16.410534100510446,
    -17.40758555985305,
    -17.0308539198481,
    -15.824212883177395,
    -17.424049424856804,
    -18.651763369216706,
    -16.8764629365669,
    -21.120556327155306,
    -17.988914927851518,
    -15.731627776908956,
    -15.51073205501983,
    -21.096778000234142,
    -16.798836573367733,
    -18.06125699859053,
    -14.897518094472671,
    -16.336459062215713,
    -16.276814387407715,
    -15.88640632751707,
    -19.554712212107813,
    -16.601522894881523,
    -15.962806760544904,
    -17.864093812507623,
    -16.297288388353575,
    -17.27332619759958,
    -17.98467021047798,
    -16.90016551822841,
    -18.00230224762245,
    -14.95330141960545,
    -16.42924474259189,
    -16.223795315721468,
    -15.371854062205971,
    -14.645433536115537,
    -15.525761262249887,
    -18.053102468232623,
    -16.07709031567337,
    -15.803236873059905,
    -16.873341608273993,
    -19.886112414543636,
    -15.417597661685116,
    -19.301234526291463,
    -17.38839814147376,
    -16.558338385261653,
    -15.669512619615363,
    -16.761264971897077,
    -15.526627666092017,
    -18.537592970346704,
    -14.98693353128448,
    -16.31608843138558,
    -17.349553766595793,
    -15.232694559875851,
    -18.70169478317911,
    -15.419195857043016,
    -17.72147307348069,
    -17.29768047438241,
    -17.194313347581648,
    -17.43563575375633,
    -16.787105225978422,
    -16.37058562563553,
    -17.673520394575945,
    -14.483717564727511,
    -16.927952013395338,
    -20.272300576292157,
    -14.936493264645993,
    -18.699762541389802,
    -17.351996260453372,
    -15.618030342681003,
    -19.23082917172386,
    -15.995251633760224,
    -14.430368472435221,
    -16.397387377809103,
    -18.602588930956852,
    -16.08141788172485,
    -19.95346842571795,
    -17.03579089646934,
    -16.692690717960957,
    -16.88238998386896,
    -16.17250210543812,
    -16.080220454419194,
    -16.566378914464536,
    -16.15431596857686,
    -15.965867482599915,
    -16.84370101928092,
    -17.541373681941888,
    -16.03890268458469,
    -16.368548736974905,
    -14.727086885495554,
    -18.811278500667672,
    -15.861506615889276,
    -18.107982536659048,
    -17.261039632400863,
    -13.958780817533764,
    -14.287660342827737,
    -15.892216679836062,
    -15.45925057785626,
    -16.91465036706368,
    -15.528677523187508,
    -16.50738338245406,
    -15.059415819820915,
    -15.212649486734886,
    -22.057507534229085,
    -16.123084696941405,
    -16.16435550519146,
    -16.14545338445562,
    -16.30352045814242,
    -17.698855220235576,
    -15.691631188655904,
    -15.232694559875851,
    -19.678164430341745,
    -16.03237812092625,
    -16.6649608469164,
    -13.888862112153495,
    -16.702485401678384,
    -15.774115655149876,
    -13.994013155192455,
    -15.366801665045944,
    -16.783518707393174,
    -16.551784979288065,
    -16.8936743062912,
    -14.415110286400244,
    -14.594273263198016,
    -14.833061096953307,
    -15.496545741591069,
